{"B_0": 0.005, "lattice_points": 100, "length": 6.6e-07, "eV_0": 0.01, "E_sl": 1e-06, "E_x": 2.3417448773954884e-07, "E_z": 2.8877829355988865e-05, "perturbation": "sin", "potential_type": "infinite-well", "effective_mass": 0.05555555555555556}