{"a": 0.0009797795502684177, "b": 0.0006593814207685869}