{"a": 0.0009928075918421914, "b": 0.0005564472757206339}