{"B_0": 0.005, "lattice_points": 100, "length": 6.6e-07, "eV_0": 1e-06, "E_sl": 1e-06, "E_x": 5.467782304307907e-08, "E_z": 5.728516712806479e-07, "perturbation": "sine", "potential_type": "infinite-well", "effective_mass": 0.1}