{"B_0": 0.005, "lattice_points": 100, "length": 6.6e-07, "eV_0": 1e-05, "E_sl": 1e-06, "E_x": 3.628942834953862e-06, "E_z": 2.551966064394446e-05, "perturbation": "sin", "potential_type": "infinite-well", "effective_mass": 0.1}