{"a": 0.0007625026658507354, "b": 0.0025917054097616163}