{"B_0": 4.526935264825713e-12, "lattice_points": 100, "length": 6.6e-07, "eV_0": 1e-06, "E_sl": 1e-06, "E_x": 3.634338508989908e-07, "E_z": 2.5369410514492442e-05, "perturbation": "cos", "potential_type": "infinite-well", "effective_mass": 0.1, "E_1": -6.019374408255467e-06, "E_2": 1.9350036106236978e-05}