{"B_0": 0.005, "lattice_points": 100, "length": 6.6e-07, "eV_0": 1e-06, "E_sl": 1e-06, "E_x": 2.7498049691717517e-08, "E_z": 5.774226518569542e-07, "perturbation": "sin", "potential_type": "infinite-well", "effective_mass": 1.0}