{"B_0": 0.005, "lattice_points": 100, "length": 6.6e-07, "eV_0": 0.001, "E_sl": 0.0001, "E_x": 1.4769618285886271e-06, "E_z": 2.8878403963998642e-05, "perturbation": "sin", "potential_type": "infinite-well", "effective_mass": 0.05}