{"B_0": 0.005, "lattice_points": 100, "length": 6.6e-07, "eV_0": 0.001, "E_sl": 0.001, "E_x": 1.8727806286048223e-08, "E_z": 2.887795342836988e-05, "perturbation": "sin", "potential_type": "infinite-well", "effective_mass": 0.05}